Workbook
Name Slicer_Year: #N/A

Sheet Working sheet
A1: Country | B1: Year | C1: Happiness Score | D1: GDP | E1: Social Support | F1: Life Expectancy | G1: Freedom | H1: Generosity | I1: Corruption
A2: Afghanistan | B2: 2019 | C2: 3.203 | D2: 0.35 | E2: 0.517 | F2: 0.361 | G2: 0 | H2: 0.158 | I2: 0.025 | M2: Happiness score | N2: =Dashboard!H4 -> GDP
A3: Albania | B3: 2019 | C3: 4.719 | D3: 0.947 | E3: 0.848 | F3: 0.874 | G3: 0.383 | H3: 0.178 | I3: 0.027 | M3: 3.203 | N3: =INDEX(C2:I157,MATCH(M3,C2:C157,0),MATCH(N2,C1:I1,0)) -> 0.35
A4: Algeria | B4: 2019 | C4: 5.211 | D4: 1.002 | E4: 1.16 | F4: 0.785 | G4: 0.086 | H4: 0.073 | I4: 0.114 | M4: 4.719 | N4: =INDEX(C3:I158,MATCH(M4,C3:C158,0),MATCH(N3,C2:I2,0)) -> 0.947
A5: Argentina | B5: 2019 | C5: 6.086 | D5: 1.092 | E5: 1.432 | F5: 0.881 | G5: 0.471 | H5: 0.066 | I5: 0.05 | M5: 5.211 | N5: =INDEX(C4:I159,MATCH(M5,C4:C159,0),MATCH(N4,C3:I3,0)) -> 1.002
A6: Armenia | B6: 2019 | C6: 4.559 | D6: 0.85 | E6: 1.055 | F6: 0.815 | G6: 0.283 | H6: 0.095 | I6: 0.064 | M6: 6.086 | N6: =INDEX(C5:I160,MATCH(M6,C5:C160,0),MATCH(N5,C4:I4,0)) -> 1.092
A7: Australia | B7: 2019 | C7: 7.228 | D7: 1.372 | E7: 1.548 | F7: 1.036 | G7: 0.557 | H7: 0.332 | I7: 0.29 | M7: 4.559 | N7: =INDEX(C6:I161,MATCH(M7,C6:C161,0),MATCH(N6,C5:I5,0)) -> 0.85
A8: Austria | B8: 2019 | C8: 7.246 | D8: 1.376 | E8: 1.475 | F8: 1.016 | G8: 0.532 | H8: 0.244 | I8: 0.226 | M8: 7.228 | N8: =INDEX(C7:I162,MATCH(M8,C7:C162,0),MATCH(N7,C6:I6,0)) -> 1.372
A9: Azerbaijan | B9: 2019 | C9: 5.208 | D9: 1.043 | E9: 1.147 | F9: 0.769 | G9: 0.351 | H9: 0.035 | I9: 0.182 | M9: 7.246 | N9: =INDEX(C8:I163,MATCH(M9,C8:C163,0),MATCH(N8,C7:I7,0)) -> 1.376
A10: Bahrain | B10: 2019 | C10: 6.199 | D10: 1.362 | E10: 1.368 | F10: 0.871 | G10: 0.536 | H10: 0.255 | I10: 0.11 | M10: 5.208 | N10: =INDEX(C9:I164,MATCH(M10,C9:C164,0),MATCH(N9,C8:I8,0)) -> 1.043
A11: Bangladesh | B11: 2019 | C11: 4.456 | D11: 0.562 | E11: 0.928 | F11: 0.723 | G11: 0.527 | H11: 0.166 | I11: 0.143 | M11: 6.199 | N11: =INDEX(C10:I165,MATCH(M11,C10:C165,0),MATCH(N10,C9:I9,0)) -> 1.362
A12: Belarus | B12: 2019 | C12: 5.323 | D12: 1.067 | E12: 1.465 | F12: 0.789 | G12: 0.235 | H12: 0.094 | I12: 0.142 | M12: 4.456 | N12: =INDEX(C11:I166,MATCH(M12,C11:C166,0),MATCH(N11,C10:I10,0)) -> 0.562
A13: Belgium | B13: 2019 | C13: 6.923 | D13: 1.356 | E13: 1.504 | F13: 0.986 | G13: 0.473 | H13: 0.16 | I13: 0.21 | M13: 5.323 | N13: =INDEX(C12:I167,MATCH(M13,C12:C167,0),MATCH(N12,C11:I11,0)) -> 1.067
A14: Benin | B14: 2019 | C14: 4.883 | D14: 0.393 | E14: 0.437 | F14: 0.397 | G14: 0.349 | H14: 0.175 | I14: 0.082 | M14: 6.923 | N14: =INDEX(C13:I168,MATCH(M14,C13:C168,0),MATCH(N13,C12:I12,0)) -> 1.356
... A21: Burkina Faso | B21: 2019 | C21: 4.587 | D21: 0.331 | E21: 1.056 | F21: 0.38 | G21: 0.255 | H21: 0.177 | I21: 0.113 | M21: 5.011 | N21: =INDEX(C20:I175,MATCH(M21,C20:C175,0),MATCH(N20,C19:I19,0)) -> 1.092
A22: Burundi | B22: 2019 | C22: 3.775 | D22: 0.046 | E22: 0.447 | F22: 0.38 | G22: 0.22 | H22: 0.176 | I22: 0.18 | M22: 4.587 | N22: =INDEX(C21:I176,MATCH(M22,C21:C176,0),MATCH(N21,C20:I20,0)) -> 0.331 | S22: C2:C157
A23: Cambodia | B23: 2019 | C23: 4.7 | D23: 0.574 | E23: 1.122 | F23: 0.637 | G23: 0.609 | H23: 0.232 | I23: 0.062 | M23: 3.775 | N23: =INDEX(C22:I177,MATCH(M23,C22:C177,0),MATCH(N22,C21:I21,0)) -> 0.046 | R23: Happiness Score | S23: GDP | T23: Social Support | U23: Life Expectancy | V23: Freedom | W23: Generosity | X23: Corruption
A24: Cameroon | B24: 2019 | C24: 5.044 | D24: 0.549 | E24: 0.91 | F24: 0.331 | G24: 0.381 | H24: 0.187 | I24: 0.037 | M24: 4.7 | N24: =INDEX(C23:I178,MATCH(M24,C23:C178,0),MATCH(N23,C22:I22,0)) -> 0.574 | Q24: Happiness Score | R24: =CORREL($C$2:$C$157,C2:C157) -> 1 | S24: =CORREL($C$2:$C$157,D2:D157) -> 0.79388287 | T24: =CORREL($C$2:$C$157,E2:E157) -> 0.77705779 | U24: =CORREL($C$2:$C$157,F2:F157) -> 0.77988315 | V24: =CORREL($C$2:$C$157,G2:G157) -> 0.56674183 | W24: =CORREL($C$2:$C$157,H2:H157) -> 0.075823695 | X24: =CORREL($C$2:$C$157,I2:I157) -> 0.38561307
A25: Canada | B25: 2019 | C25: 7.278 | D25: 1.365 | E25: 1.505 | F25: 1.039 | G25: 0.584 | H25: 0.285 | I25: 0.308 | M25: 5.044 | N25: =INDEX(C24:I179,MATCH(M25,C24:C179,0),MATCH(N24,C23:I23,0)) -> 0.549 | Q25: GDP | R25: =CORREL($D$2:$D$157,C2:C157) -> 0.79388287 | S25: =CORREL($D$2:$D$157,D2:D157) -> 1 | T25: =CORREL($D$2:$D$157,E2:E157) -> 0.75490573 | U25: =CORREL($D$2:$D$157,F2:F157) -> 0.83546212 | V25: =CORREL($D$2:$D$157,G2:G157) -> 0.37907907 | W25: =CORREL($D$2:$D$157,H2:H157) -> -0.079662313 | X25: =CORREL($D$2:$D$157,I2:I157) -> 0.29891985
A26: Central African Republic | B26: 2019 | C26: 3.083 | D26: 0.026 | E26: 0 | F26: 0.105 | G26: 0.225 | H26: 0.235 | I26: 0.035 | M26: 7.278 | N26: =INDEX(C25:I180,MATCH(M26,C25:C180,0),MATCH(N25,C24:I24,0)) -> 1.365 | Q26: Social Support | R26: =CORREL($E$2:$E$157,C2:C157) -> 0.77705779 | S26: =CORREL($E$2:$E$157,D2:D157) -> 0.75490573 | T26: =CORREL($E$2:$E$157,E2:E157) -> 1 | U26: =CORREL($E$2:$E$157,F2:F157) -> 0.71900946 | V26: =CORREL($E$2:$E$157,G2:G157) -> 0.44733316 | W26: =CORREL($E$2:$E$157,H2:H157) -> -0.048126454 | X26: =CORREL($E$2:$E$157,I2:I157) -> 0.18189946
A27: Chad | B27: 2019 | C27: 4.35 | D27: 0.35 | E27: 0.766 | F27: 0.192 | G27: 0.174 | H27: 0.198 | I27: 0.078 | M27: 3.083 | N27: =INDEX(C26:I181,MATCH(M27,C26:C181,0),MATCH(N26,C25:I25,0)) -> 0.026 | Q27: Life Expectancy | R27: =CORREL($F$2:$F$157,C2:C157) -> 0.77988315 | S27: =CORREL($F$2:$F$157,D2:D157) -> 0.83546212 | T27: =CORREL($F$2:$F$157,E2:E157) -> 0.71900946 | U27: =CORREL($F$2:$F$157,F2:F157) -> 1 | V27: =CORREL($F$2:$F$157,G2:G157) -> 0.39039478 | W27: =CORREL($F$2:$F$157,H2:H157) -> -0.02951086 | X27: =CORREL($F$2:$F$157,I2:I157) -> 0.29528281
A28: Chile | B28: 2019 | C28: 6.444 | D28: 1.159 | E28: 1.369 | F28: 0.92 | G28: 0.357 | H28: 0.187 | I28: 0.056 | M28: 4.35 | N28: =INDEX(C27:I182,MATCH(M28,C27:C182,0),MATCH(N27,C26:I26,0)) -> 0.35 | Q28: Freedom | R28: =CORREL($G$2:$G$157,C2:C157) -> 0.56674183 | S28: =CORREL($G$2:$G$157,D2:D157) -> 0.37907907 | T28: =CORREL($G$2:$G$157,E2:E157) -> 0.44733316 | U28: =CORREL($G$2:$G$157,F2:F157) -> 0.39039478 | V28: =CORREL($G$2:$G$157,G2:G157) -> 1 | W28: =CORREL($G$2:$G$157,H2:H157) -> 0.26974181 | X28: =CORREL($G$2:$G$157,I2:I157) -> 0.43884331
A29: China | B29: 2019 | C29: 5.191 | D29: 1.029 | E29: 1.125 | F29: 0.893 | G29: 0.521 | H29: 0.058 | I29: 0.1 | M29: 6.444 | N29: =INDEX(C28:I183,MATCH(M29,C28:C183,0),MATCH(N28,C27:I27,0)) -> 1.159 | Q29: Generosity | R29: =CORREL($H$2:$H$157,C2:C157) -> 0.075823695 | S29: =CORREL($H$2:$H$157,D2:D157) -> -0.079662313 | T29: =CORREL($H$2:$H$157,E2:E157) -> -0.048126454 | U29: =CORREL($H$2:$H$157,F2:F157) -> -0.02951086 | V29: =CORREL($H$2:$H$157,G2:G157) -> 0.26974181 | W29: =CORREL($H$2:$H$157,H2:H157) -> 1 | X29: =CORREL($H$2:$H$157,I2:I157) -> 0.32653754
A30: Colombia | B30: 2019 | C30: 6.125 | D30: 0.985 | E30: 1.41 | F30: 0.841 | G30: 0.47 | H30: 0.099 | I30: 0.034 | M30: 5.191 | N30: =INDEX(C29:I184,MATCH(M30,C29:C184,0),MATCH(N29,C28:I28,0)) -> 1.029 | Q30: Corruption | R30: =CORREL($I$2:$I$157,C2:C157) -> 0.38561307 | S30: =CORREL($I$2:$I$157,D2:D157) -> 0.29891985 | T30: =CORREL($I$2:$I$157,E2:E157) -> 0.18189946 | U30: =CORREL($I$2:$I$157,F2:F157) -> 0.29528281 | V30: =CORREL($I$2:$I$157,G2:G157) -> 0.43884331 | W30: =CORREL($I$2:$I$157,H2:H157) -> 0.32653754 | X30: =CORREL($I$2:$I$157,I2:I157) -> 1
A31: Comoros | B31: 2019 | C31: 3.973 | D31: 0.274 | E31: 0.757 | F31: 0.505 | G31: 0.142 | H31: 0.275 | I31: 0.078 | M31: 6.125 | N31: =INDEX(C30:I185,MATCH(M31,C30:C185,0),MATCH(N30,C29:I29,0)) -> 0.985
A32: Congo (Brazzaville) | B32: 2019 | C32: 4.812 | D32: 0.673 | E32: 0.799 | F32: 0.508 | G32: 0.372 | H32: 0.105 | I32: 0.093 | M32: 3.973 | N32: =INDEX(C31:I186,MATCH(M32,C31:C186,0),MATCH(N31,C30:I30,0)) -> 0.274
A33: Congo (Kinshasa) | B33: 2019 | C33: 4.418 | D33: 0.094 | E33: 1.125 | F33: 0.357 | G33: 0.269 | H33: 0.212 | I33: 0.053 | M33: 4.812 | N33: =INDEX(C32:I187,MATCH(M33,C32:C187,0),MATCH(N32,C31:I31,0)) -> 0.673
A34: Costa Rica | B34: 2019 | C34: 7.167 | D34: 1.034 | E34: 1.441 | F34: 0.963 | G34: 0.558 | H34: 0.144 | I34: 0.093 | M34: 4.418 | N34: =INDEX(C33:I188,MATCH(M34,C33:C188,0),MATCH(N33,C32:I32,0)) -> 0.094
A35: Croatia | B35: 2019 | C35: 5.432 | D35: 1.155 | E35: 1.266 | F35: 0.914 | G35: 0.296 | H35: 0.119 | I35: 0.022 | M35: 7.167 | N35: =INDEX(C34:I189,MATCH(M35,C34:C189,0),MATCH(N34,C33:I33,0)) -> 1.034
A36: Cyprus | B36: 2019 | C36: 6.046 | D36: 1.263 | E36: 1.223 | F36: 1.042 | G36: 0.406 | H36: 0.19 | I36: 0.041 | M36: 5.432 | N36: =INDEX(C35:I190,MATCH(M36,C35:C190,0),MATCH(N35,C34:I34,0)) -> 1.155
A37: Czech Republic | B37: 2019 | C37: 6.852 | D37: 1.269 | E37: 1.487 | F37: 0.92 | G37: 0.457 | H37: 0.046 | I37: 0.036 | M37: 6.046 | N37: =INDEX(C36:I191,MATCH(M37,C36:C191,0),MATCH(N36,C35:I35,0)) -> 1.263
A38: Denmark | B38: 2019 | C38: 7.6 | D38: 1.383 | E38: 1.573 | F38: 0.996 | G38: 0.592 | H38: 0.252 | I38: 0.41 | M38: 6.852 | N38: =INDEX(C37:I192,MATCH(M38,C37:C192,0),MATCH(N37,C36:I36,0)) -> 1.269
A39: Dominican Republic | B39: 2019 | C39: 5.425 | D39: 1.015 | E39: 1.401 | F39: 0.779 | G39: 0.497 | H39: 0.113 | I39: 0.101 | M39: 7.6 | N39: =INDEX(C38:I193,MATCH(M39,C38:C193,0),MATCH(N38,C37:I37,0)) -> 1.383
A40: Ecuador | B40: 2019 | C40: 6.028 | D40: 0.912 | E40: 1.312 | F40: 0.868 | G40: 0.498 | H40: 0.126 | I40: 0.087 | M40: 5.425 | N40: =INDEX(C39:I194,MATCH(M40,C39:C194,0),MATCH(N39,C38:I38,0)) -> 1.015
A41: Egypt | B41: 2019 | C41: 4.166 | D41: 0.913 | E41: 1.039 | F41: 0.644 | G41: 0.241 | H41: 0.076 | I41: 0.067 | M41: 6.028 | N41: =INDEX(C40:I195,MATCH(M41,C40:C195,0),MATCH(N40,C39:I39,0)) -> 0.912
A42: El Salvador | B42: 2019 | C42: 6.253 | D42: 0.794 | E42: 1.242 | F42: 0.789 | G42: 0.43 | H42: 0.093 | I42: 0.074 | M42: 4.166 | N42: =INDEX(C41:I196,MATCH(M42,C41:C196,0),MATCH(N41,C40:I40,0)) -> 0.913
... A157: Zimbabwe | B157: 2019 | C157: 3.663 | D157: 0.366 | E157: 1.114 | F157: 0.433 | G157: 0.361 | H157: 0.151 | I157: 0.089 | M157: 4.107 | N157: =INDEX(C156:I311,MATCH(M157,C156:C311,0),MATCH(N156,C155:I155,0)) -> 0.578
M158: 3.663 | N158: =INDEX(C157:I312,MATCH(M158,C157:C312,0),MATCH(N157,C156:I156,0)) -> 0.366

Sheet Pivot tables
A1: Country | B1: United Arab Emirates
A3: Row Labels | B3: Happiness score
A4: 2016 | B4: 6.573
A5: 2017 | B5: 6.6479998
A6: 2018 | B6: 6.774
A7: 2019 | B7: 6.825
A8: Average (2015-2019) | B8: 6.7049999
A17: Row Labels | B17: Global average of Happiness Score
A18: 2016 | B18: 5.3821847
A19: 2017 | B19: 5.3540194
A20: 2018 | B20: 5.3759167
A21: 2019 | B21: 5.4070962
A22: Average (2015-2019) | B22: 5.3798494

Sheet Dashboard
A1: 2019 World Happiness Report Dashboard
A2: Highest happiness score (2019) | E2: =MAX('Working sheet'!C2:C157) -> 7.769 | G2: Lowest happiness score (2019) | K2: =MIN('Working sheet'!C2:C157) -> 2.853 | M2: UAE score (2019) | Q2: 6.83 | S2: Global average (2019) | W2: =AVERAGE('Working sheet'!C2:C157) -> 5.4070962
H4: GDP | L4: q
N5: Correlation table based on 2019 data only | P5: ='Working sheet'!R23 -> Happiness Score | Q5: ='Working sheet'!S23 -> GDP | R5: ='Working sheet'!T23 -> Social Support | S5: ='Working sheet'!U23 -> Life Expectancy | T5: ='Working sheet'!V23 -> Freedom | U5: ='Working sheet'!W23 -> Generosity | V5: ='Working sheet'!X23 -> Corruption
N6: ='Working sheet'!Q24 -> Happiness Score | P6: ='Working sheet'!R24 -> 1 | Q6: ='Working sheet'!S24 -> 0.79388287 | R6: ='Working sheet'!T24 -> 0.77705779 | S6: ='Working sheet'!U24 -> 0.77988315 | T6: ='Working sheet'!V24 -> 0.56674183 | U6: ='Working sheet'!W24 -> 0.075823695 | V6: ='Working sheet'!X24 -> 0.38561307
N7: ='Working sheet'!Q25 -> GDP | P7: ='Working sheet'!R25 -> 0.79388287 | Q7: ='Working sheet'!S25 -> 1 | R7: ='Working sheet'!T25 -> 0.75490573 | S7: ='Working sheet'!U25 -> 0.83546212 | T7: ='Working sheet'!V25 -> 0.37907907 | U7: ='Working sheet'!W25 -> -0.079662313 | V7: ='Working sheet'!X25 -> 0.29891985
N8: ='Working sheet'!Q26 -> Social Support | P8: ='Working sheet'!R26 -> 0.77705779 | Q8: ='Working sheet'!S26 -> 0.75490573 | R8: ='Working sheet'!T26 -> 1 | S8: ='Working sheet'!U26 -> 0.71900946 | T8: ='Working sheet'!V26 -> 0.44733316 | U8: ='Working sheet'!W26 -> -0.048126454 | V8: ='Working sheet'!X26 -> 0.18189946
N9: ='Working sheet'!Q27 -> Life Expectancy | P9: ='Working sheet'!R27 -> 0.77988315 | Q9: ='Working sheet'!S27 -> 0.83546212 | R9: ='Working sheet'!T27 -> 0.71900946 | S9: ='Working sheet'!U27 -> 1 | T9: ='Working sheet'!V27 -> 0.39039478 | U9: ='Working sheet'!W27 -> -0.02951086 | V9: ='Working sheet'!X27 -> 0.29528281
N10: ='Working sheet'!Q28 -> Freedom | P10: ='Working sheet'!R28 -> 0.56674183 | Q10: ='Working sheet'!S28 -> 0.37907907 | R10: ='Working sheet'!T28 -> 0.44733316 | S10: ='Working sheet'!U28 -> 0.39039478 | T10: ='Working sheet'!V28 -> 1 | U10: ='Working sheet'!W28 -> 0.26974181 | V10: ='Working sheet'!X28 -> 0.43884331
N11: ='Working sheet'!Q29 -> Generosity | P11: ='Working sheet'!R29 -> 0.075823695 | Q11: ='Working sheet'!S29 -> -0.079662313 | R11: ='Working sheet'!T29 -> -0.048126454 | S11: ='Working sheet'!U29 -> -0.02951086 | T11: ='Working sheet'!V29 -> 0.26974181 | U11: ='Working sheet'!W29 -> 1 | V11: ='Working sheet'!X29 -> 0.32653754
N12: ='Working sheet'!Q30 -> Corruption | P12: ='Working sheet'!R30 -> 0.38561307 | Q12: ='Working sheet'!S30 -> 0.29891985 | R12: ='Working sheet'!T30 -> 0.18189946 | S12: ='Working sheet'!U30 -> 0.29528281 | T12: ='Working sheet'!V30 -> 0.43884331 | U12: ='Working sheet'!W30 -> 0.32653754 | V12: ='Working sheet'!X30 -> 1
